<?xml version="1.0" encoding="UTF-8"?><rss version="2.0"
	xmlns:content="http://purl.org/rss/1.0/modules/content/"
	xmlns:dc="http://purl.org/dc/elements/1.1/"
	xmlns:atom="http://www.w3.org/2005/Atom"
	xmlns:sy="http://purl.org/rss/1.0/modules/syndication/"
	
	>
<channel>
	<title>
	《ASAI實驗室》的留言	</title>
	<atom:link href="/comments/feed/" rel="self" type="application/rss+xml" />
	<link>/</link>
	<description></description>
	<lastBuildDate>Sat, 16 Sep 2023 02:18:48 +0000</lastBuildDate>
	<sy:updatePeriod>
	hourly	</sy:updatePeriod>
	<sy:updateFrequency>
	1	</sy:updateFrequency>
	<generator>https://wordpress.org/?v=6.4.1</generator>
	<item>
		<title>
		「WordPress 示範留言者」發佈於〈網站第一篇文章〉的留言		</title>
		<link>/2023/09/16/hello-world/#comment-1</link>

		<dc:creator><![CDATA[WordPress 示範留言者]]></dc:creator>
		<pubDate>Sat, 16 Sep 2023 02:18:48 +0000</pubDate>
		<guid isPermaLink="false">http://localhost/?p=1#comment-1</guid>

					<description><![CDATA[網站管理員你好，這是一則預留內容留言。
如需開始審閱、編輯及刪除留言，請前往 [控制台] 的 [留言] 頁面進行必要的操作。
留言者個人頭像來源為 &lt;a href=&quot;https://zh-tw.gravatar.com/&quot; target=&quot;_blank&quot;&gt;Gravatar&lt;/a&gt;。]]></description>
			<content:encoded><![CDATA[<p>網站管理員你好，這是一則預留內容留言。<br />
如需開始審閱、編輯及刪除留言，請前往 [控制台] 的 [留言] 頁面進行必要的操作。<br />
留言者個人頭像來源為 <a href="https://zh-tw.gravatar.com/" target="_blank">Gravatar</a>。</p>
]]></content:encoded>
		
			</item>
	</channel>
</rss>
