<?xml version="1.0" encoding="UTF-8"?><rss version="2.0"
	xmlns:content="http://purl.org/rss/1.0/modules/content/"
	xmlns:wfw="http://wellformedweb.org/CommentAPI/"
	xmlns:dc="http://purl.org/dc/elements/1.1/"
	xmlns:atom="http://www.w3.org/2005/Atom"
	xmlns:sy="http://purl.org/rss/1.0/modules/syndication/"
	xmlns:slash="http://purl.org/rss/1.0/modules/slash/"
	>

<channel>
	<title>admin &#8211; ASAI實驗室</title>
	<atom:link href="/author/admin/feed/" rel="self" type="application/rss+xml" />
	<link>/</link>
	<description></description>
	<lastBuildDate>Sat, 16 Sep 2023 02:18:48 +0000</lastBuildDate>
	<language>zh-TW</language>
	<sy:updatePeriod>
	hourly	</sy:updatePeriod>
	<sy:updateFrequency>
	1	</sy:updateFrequency>
	<generator>https://wordpress.org/?v=6.4.1</generator>
	<item>
		<title>網站第一篇文章</title>
		<link>/2023/09/16/hello-world/</link>
					<comments>/2023/09/16/hello-world/#comments</comments>
		
		<dc:creator><![CDATA[admin]]></dc:creator>
		<pubDate>Sat, 16 Sep 2023 02:18:48 +0000</pubDate>
				<category><![CDATA[未分類]]></category>
		<guid isPermaLink="false">http://localhost/?p=1</guid>

					<description><![CDATA[歡迎使用 WordPress。這是這個網站的第一篇文章，試試為這篇文章進行編輯或直接刪除，然後開始撰寫新文章！]]></description>
										<content:encoded><![CDATA[
<p>歡迎使用 WordPress。這是這個網站的第一篇文章，試試為這篇文章進行編輯或直接刪除，然後開始撰寫新文章！</p>
]]></content:encoded>
					
					<wfw:commentRss>/2023/09/16/hello-world/feed/</wfw:commentRss>
			<slash:comments>1</slash:comments>
		
		
			</item>
	</channel>
</rss>
